id;first_name;last_name;email;phone;address_line_1;address_line_2;city;state;country
1;Chelsey;Wyman;"ld5@\[.5z*";1-283-373-2680;functionalities;sky blue Consultant Malta;Lake Lora;DC;Jamaica
2;Juanita;Daniel;"l{2w+@Kz4q|.)7`";(330) 670-0506 x47692;database protocol Tennessee;Handmade digital;East August;Virginia;Namibia
3;Tomas;Russel;"$@x1.F\o^w";168-458-5574;Balboa US Dollar;revolutionary Concrete Re-engineered;Boehmfort;Delaware;Jersey
4;Kaia;Cruickshank;"gL@#t6D.n[SL(";(994) 139-1582 x0144;approach maroon Branding;Via;Lake River;Maryland;China
5;Dudley;Ondricka;"9L3p@va..#2";(710) 672-9608;Analyst;Tala backing up Personal Loan Account;South Denafort;DC;Swaziland
6;Mariam;O'Reilly;"^MOvx'@s-.vS2Gf";085.370.3199 x357;mindshare monitor synthesizing;Wisconsin;Bradtkeburgh;DC;Antarctica (the territory South of 60 deg S)
7;Cathryn;Dooley;"MJ^d@5p.*D_h";642-260-5789 x54116;online;Car backing up;Verdafort;DC;French Guiana
8;Hellen;Maggio;"eL{\XL@dD*X.9G(q4E";1-896-659-2957;Savings Account Gorgeous;solid state JSON parsing;Blockbury;Virginia;Western Sahara
9;Domenick;MacGyver;"J@o`#Q!*.j8x!";(984) 804-3065 x529;communities Grocery;Ball Central Proactive;Osinskiview;Delaware;Monaco
10;Nico;Watsica;"mSn.zE@C.<3}v";606-128-7790 x6670;web-readiness Executive circuit;Junction Fresh open-source;Halieport;Maryland;Tajikistan
